record_type,depth_inches,coverage_square_feet_per_cubic_yard,bag_volume,bag_volume_unit,exact_bags_per_cubic_yard,whole_bags_per_cubic_yard,whole_bags_per_cubic_meter,formula_as_shown,source_url
depth_coverage,1,324,,,,,,"324 ÷ 1","https://covercalcpro.com/mulch-coverage-chart/"
depth_coverage,2,162,,,,,,"324 ÷ 2","https://covercalcpro.com/mulch-coverage-chart/"
depth_coverage,3,108,,,,,,"324 ÷ 3","https://covercalcpro.com/mulch-coverage-chart/"
depth_coverage,4,81,,,,,,"324 ÷ 4","https://covercalcpro.com/mulch-coverage-chart/"
depth_coverage,6,54,,,,,,"324 ÷ 6","https://covercalcpro.com/mulch-coverage-chart/"
bag_count,,,0.5,ft3,54,54,,"27 ÷ 0.5 = 54","https://covercalcpro.com/mulch-bag-coverage-chart/"
bag_count,,,1,ft3,27,27,,"27 ÷ 1 = 27","https://covercalcpro.com/mulch-bag-coverage-chart/"
bag_count,,,1.5,ft3,18,18,,"27 ÷ 1.5 = 18","https://covercalcpro.com/mulch-bag-coverage-chart/"
bag_count,,,2,ft3,13.5,14,,"27 ÷ 2 = 13.5","https://covercalcpro.com/mulch-bag-coverage-chart/"
bag_count,,,2.5,ft3,10.8,11,,"27 ÷ 2.5 = 10.8","https://covercalcpro.com/mulch-bag-coverage-chart/"
bag_count,,,3,ft3,9,9,,"27 ÷ 3 = 9","https://covercalcpro.com/mulch-bag-coverage-chart/"
metric_bag_count,,,40,L,,20,25,"Listed in source table; calculation not shown","https://covercalcpro.com/mulch-bag-coverage-chart/"
metric_bag_count,,,42.5,L,,18,24,"Listed in source table; calculation not shown","https://covercalcpro.com/mulch-bag-coverage-chart/"
metric_bag_count,,,50,L,,16,20,"Listed in source table; calculation not shown","https://covercalcpro.com/mulch-bag-coverage-chart/"
metric_bag_count,,,60,L,,13,17,"Listed in source table; calculation not shown","https://covercalcpro.com/mulch-bag-coverage-chart/"
